{"cameraMode":{"drawMode":0,"name":"Shaded","section":"Shading Mode"},"sceneLighting":false,"audioPlay":false,"sceneViewState":{"showFog":true,"showMaterialUpdate":false,"showSkybox":false,"showFlares":true,"showImageEffects":true,"showParticleSystems":true},"in2DMode":false,"pivot":{"x":0.012335062026977539,"y":0.35365796089172366,"z":-0.01522219181060791},"rotation":{"x":0.2626951038837433,"y":0.333647757768631,"z":-0.09699450433254242,"w":0.9002065658569336},"size":3.706070899963379,"orthographic":false}