{"cameraMode":{"drawMode":0,"name":"Shaded","section":"Shading Mode"},"sceneLighting":true,"audioPlay":false,"sceneViewState":{"showFog":true,"showMaterialUpdate":false,"showSkybox":true,"showFlares":true,"showImageEffects":true,"showParticleSystems":true},"in2DMode":false,"pivot":{"x":12.228696823120118,"y":98.41780853271485,"z":-203.04483032226563},"rotation":{"x":-0.010617206804454327,"y":-0.5557159781455994,"z":-0.006787451449781656,"w":0.8313744068145752},"size":4.044353485107422,"orthographic":false}